"id","category","subcategory","title","content","sample_questions","keywords","location","county","plot_size","property_type","status","price","source_url","needs_verification"
"FY-001","COMPANY","OVERVIEW","What is Famyard Enterprises Ltd","Famyard Enterprises Ltd is a real estate company founded in 2015 and headquartered in Nyeri, Kenya, with a second office in Jikaze (Wiyumiririe, along the Nyeri-Nyahururu Highway). It sells value-added plots (land that already has water, electricity and graded roads installed) across Nyeri County, Laikipia County and Nanyuki. It also offers land surveying, conveyancing, land searches, Land Control Board approvals and succession services. Famyard serves local buyers, the middle and upper class, and Kenyans in the diaspora. Its slogan is ""Service you deserve, People you trust"" and it describes itself as the #1 real estate agency in Central Kenya.","Who is Famyard?|What does Famyard do?|Tell me about your company|Where are you based?","famyard, company, about, real estate, nyeri, land, plots, who we are","Nyeri","Nyeri","","","","","https://famyard.co.ke/who-we-are/",""
"FY-002","COMPANY","KEY_STATS","Famyard track record and key numbers","Famyard Enterprises reports: 1,200+ successful land transactions tracked with verified titles and a 0% dispute rate; an average 3-day closing time from offer to final documentation (the company says the industry standard is 14-28 days); 25+ strategic locations covered in Kenya; and about 40% of business coming from repeat and referral clients. Elsewhere the website also cites over 2,000 successful transactions / title deeds issued and 20+ (or 50+) estates. Famyard has 10+ years in business (since 2015).","How many plots have you sold?|Are you experienced?|How fast is closing?|Any disputes?","statistics, transactions, dispute rate, closing time, track record, experience, trust","","","","","","","https://famyard.co.ke/","Website gives conflicting figures: 1,200+ vs 2,000+ transactions; 20+ vs 50+ estates. Confirm which to use."
"FY-003","COMPANY","WHY_CHOOSE_US","Why buyers choose Famyard","Reasons buyers choose Famyard Enterprises: (1) real, staffed physical offices in Nyeri and Jikaze that buyers can visit; (2) fully serviced developments with water, electricity and graded roads already in place instead of raw land sold on promises; (3) ready title deeds, often processed within about 3 days; (4) free site visits before paying anything; (5) transparent all-inclusive pricing that includes title deed costs; (6) bank financing partnerships and flexible payment plans; (7) local market knowledge focused on Nyeri and Laikipia counties; (8) dedicated diaspora support; (9) 0% dispute rate on tracked transactions; (10) direct contact with no layers of middlemen.","Why should I buy from you?|What makes you different?|Are you trustworthy?|Why Famyard?","why choose, advantages, benefits, trust, transparency, serviced plots, ready title","","","","","","","https://famyard.co.ke/why-buyers-choose-famyard-enterprises-for-land-in-nyeri-and-laikipia/",""
"FY-004","COMPANY","MISSION","Famyard mission","Famyard Enterprises' mission is ""Ensuring that clients have value for their money."" With over 10 years of experience, Famyard aims to provide high-value property investments that exceed client expectations. It carefully selects prime locations, ensures seamless legal processes, and gives expert guidance so investors make informed and profitable decisions, from first-time buyers to seasoned investors. Famyard sees land as a foundation for wealth, security and a lasting legacy.","What is your mission?|What do you stand for?","mission, purpose, value for money","","","","","","","https://famyard.co.ke/our-mission/",""
"FY-005","COMPANY","VISION_VALUES","Famyard vision and core values","Famyard's vision is ""To be the most admired and sought after"" real estate company: setting new benchmarks through excellence and innovation, building lasting relationships and becoming the foremost choice in property investment across Kenya. Core values: Honest, Open, Ethical, Fair and Genuine; plus integrity, professionalism, efficiency, accountability and teamwork. All transactions follow Kenyan property law with experienced legal professionals.","What is your vision?|What are your values?","vision, values, integrity, ethics, honesty","","","","","","","https://famyard.co.ke/our-mission/",""
"FY-006","COMPANY","HISTORY","Famyard history 2015-2019","Famyard Enterprises timeline: 2015 - company launches in Nyeri with a modern approach to land investment. 2016 - starts specialised services for Kenyans in the diaspora. 2017 - passes 100 successful land transactions. 2018 - forms alliances with local financial institutions for flexible payment and financing. 2019 - invests in digital marketing and online platforms for browsing listings and booking site visits.","When was Famyard founded?|How long have you been in business?|What is your history?","history, timeline, founded 2015, milestones","","","","","","","https://famyard.co.ke/who-we-are/",""
"FY-007","COMPANY","HISTORY","Famyard history 2020-2026","Famyard Enterprises timeline continued: 2020 - introduces remote consultations and online site visits. 2021 - expands to more counties and emerging growth areas. 2022 - strengthens diaspora offerings with tailored financing packages. 2023 - adopts new technologies and deepens financial partnerships. 2024 - explores new markets and digital solutions. 2025 - opens a second office in Jikaze. 2026 (September) - launches the Chaka Lane 15 Famyard Estate in Chaka with former ICT Cabinet Secretary Joe Mucheru, with NCBA and Family Bank as financing partners.","What has Famyard achieved recently?|When did you open the Jikaze office?","history, jikaze office 2025, chaka launch 2026, milestones","","","","","","","https://famyard.co.ke/who-we-are/",""
"FY-008","COMPANY","LEADERSHIP","Famyard team and staff","Famyard Enterprises team: George Wamariu - CEO and Co-Founder; James Ndumia - Projects Manager; Fridah Muthoni - Title Deeds and Land Conveyancing; Charles Gikonyo - Surveyor; Alice Waitara - Secretary; Kiiru - Sales and Marketing. A client testimonial also mentions sales representative Mr. James showing plots to buyers.","Who runs Famyard?|Who is the CEO?|Who handles title deeds?|Who is your surveyor?","team, staff, ceo, george wamariu, james ndumia, fridah muthoni, charles gikonyo, alice waitara, kiiru","","","","","","","https://famyard.co.ke/our-team/",""
"FY-009","COMPANY","LEADERSHIP","George Wamariu - CEO and Co-Founder","George Wamariu is the Chief Executive Officer and Co-Founder of Famyard Enterprises Limited, based in Nyeri. Under his leadership Famyard became a trusted provider of real estate consultancy, plot sales, land conveyancing and agency services. He is known for integrity, professionalism and accountability, has helped individuals, enterprises, self-help groups (chamas) and SMEs make informed property investments, and is committed to community development and empowerment.","Tell me about the CEO|Who founded Famyard?","george wamariu, ceo, founder, leadership","","","","","","","https://famyard.co.ke/george-wamariu-ceo-famyard-enterprises-ltd/","The Standard newspaper and the CEO's linked Facebook use the name George Ndumia. Confirm the correct name for the bot."
"FY-010","COMPANY","PARTNERS","Famyard banking and financing partners","Famyard Enterprises partners with banks and institutions so buyers can finance plots. Partners shown on the website include Diamond Trust Bank (DTB), Co-operative Bank (Co-op Bank), Equity (Equity Insurance) and Nyeri Club. NCBA Bank and Family Bank were financing partners at the September 2026 Chaka launch, advising buyers on site. Because partner banks do their own due diligence (documents, title status, site verification), bank-financeable plots are an added trust signal.","Which banks do you work with?|Can I get a bank loan for a plot?|Do you have financing partners?","partners, banks, ncba, family bank, dtb, co-op bank, equity, financing, loan, mortgage","","","","","","","https://famyard.co.ke/ncba-and-family-bank-back-famyards-chaka-plots-launch/","Two partner logos on the homepage are unnamed. Confirm the full current list of partner banks."
"FY-011","CONTACT","OFFICES","Famyard office locations","Famyard Enterprises has two offices. Main office (headquarters): Kanisa Road, Konahauthi Building, 1st Floor, Nyeri Town, Kenya. Second office: Wiyumiririe (Jikaze), along the Nyeri-Nyahururu Highway, opened in 2025. Both offices are staffed so buyers can visit in person, ask questions and follow up.","Where is your office?|Where are you located?|Can I visit your office?|Do you have an office in Jikaze?","office, address, location, kanisa road, konahauthi building, jikaze, wiyumiririe, visit","Nyeri; Wiyumiririe","Nyeri","","","","","https://famyard.co.ke/contact-us/",""
"FY-012","CONTACT","PHONE_EMAIL","How to contact Famyard","Contact Famyard Enterprises: main phone +254 119 222666; phone and WhatsApp +254 721 383 090 (also 0721 383 090, link wa.me/254721383090); email contact@famyard.co.ke; website famyard.co.ke. Buyers can call, WhatsApp, email or use the enquiry form on the website to ask questions, get prices or book a free site visit.","What is your phone number?|How do I contact you?|What is your WhatsApp?|What is your email?","contact, phone, call, whatsapp, email, number, reach","","","","","","","https://famyard.co.ke/contact-us/","contact@famyard.co.ke was decoded from the site's protected email link; older pages show info@famyard.co.ke. Confirm the preferred email and which number to give first."
"FY-013","CONTACT","SOCIAL_MEDIA","Famyard social media channels","Follow Famyard Enterprises for new listings and offers: Facebook facebook.com/famyardenterprises; Instagram @famyardenterprisesltd (instagram.com/famyardenterprisesltd); X/Twitter @famyardent; YouTube @famyardenterprisesltd (drone videos of estates); TikTok (posts tagged #famyardenterprisesltd); WhatsApp wa.me/254721383090. New listings and special financing deals are updated frequently.","Are you on Facebook?|What is your Instagram?|Where can I see videos of the plots?|How do I get updates?","social media, facebook, instagram, twitter, x, youtube, tiktok, updates, new listings","","","","","","","https://famyard.co.ke/",""
"FY-014","SERVICES","LAND_SALES","Buying and selling of land and plots","Famyard Enterprises facilitates secure, fast and transparent buying and selling of land and plots. Every plot is genuine and legally verified. Famyard provides valuations, due diligence and market guidance and walks buyers and sellers through the whole process, whether they want to invest, build or settle. Famyard develops value-added plots ready for immediate residential or commercial use in high-growth areas.","Do you sell land?|Can you help me sell my land?|What services do you offer?","buy land, sell land, plots, valuation, due diligence, services","","","","","","","https://famyard.co.ke/buying-and-selling-plots-and-land-surveying-convenyancing-services/",""
"FY-015","SERVICES","SURVEYING","Land surveying services","Famyard Enterprises has licensed surveyors (led by surveyor Charles Gikonyo) who provide land mapping, boundary identification and verification, subdivision, boundary realignment and title deed processing, all in compliance with local land regulations.","Do you do surveying?|Can you subdivide my land?|I need boundaries confirmed","surveyor, surveying, mapping, boundary, subdivision, beacons, realignment","","","","","","","https://famyard.co.ke/buying-and-selling-plots-and-land-surveying-convenyancing-services/",""
"FY-016","SERVICES","CONVEYANCING","Conveyancing and land transfer services","Famyard Enterprises handles the legal side of transferring property ownership so buyers and sellers complete transactions smoothly. Conveyancing services include land transfer, land searches, Land Control Board consent, succession, and registration of grants. Title deeds and conveyancing are handled by Fridah Muthoni.","Do you handle transfers?|Can you do conveyancing?|Who does the paperwork?","conveyancing, land transfer, title transfer, legal, paperwork, registration","","","","","","","https://famyard.co.ke/buying-and-selling-plots-and-land-surveying-convenyancing-services/",""
"FY-017","SERVICES","LAND_SEARCH","Land searches and Land Control Board approvals","Before any land purchase Famyard Enterprises conducts thorough official land searches to confirm ownership, legitimacy and any encumbrances (charges, cautions or disputes). Famyard also helps obtain Land Control Board (LCB) consent, which is required for agricultural land transactions in Kenya.","Can you do a land search?|What is a Land Control Board?|How do I know the land is clean?","land search, encumbrance, land control board, lcb, consent, verification, ownership","","","","","","","https://famyard.co.ke/buying-and-selling-plots-and-land-surveying-convenyancing-services/",""
"FY-018","SERVICES","SUCCESSION","Succession and inheritance of land","Famyard Enterprises guides families through transferring land after a title holder dies. The team helps navigate the legal succession process, registration of grants, rightful inheritance and smooth title transfer to beneficiaries.","My parent died, how do we transfer the land?|Do you help with succession?","succession, inheritance, deceased, grant, probate, estate, beneficiaries","","","","","","","https://famyard.co.ke/buying-and-selling-plots-and-land-surveying-convenyancing-services/",""
"FY-019","SERVICES","SITE_VISITS","Free site visits","Famyard Enterprises offers FREE site visits to all its estates. The team guides buyers on the ground to assess location, access, amenities and potential. Visits are scheduled at a time convenient to the buyer. Remote consultations and online/virtual site visits (including drone videos) are available for those who cannot travel; diaspora clients can send a trusted representative. To book a free site visit or ask about pricing, call Famyard on +254 119 222666, WhatsApp +254 721 383 090 (wa.me/254721383090), or email contact@famyard.co.ke.","Can I visit the plot?|Is the site visit free?|How do I book a site visit?|Can I view virtually?","site visit, free viewing, book visit, tour, virtual visit, drone video","","","","","","","https://famyard.co.ke/frequently-asked-questions-about-buying-land/",""
"FY-020","BUYING_PROCESS","STEPS","How to buy a plot from Famyard - step by step","Steps to buy land with Famyard Enterprises: 1) Contact Famyard by phone, WhatsApp, email or the website. 2) Choose a plot by location, size and budget using the catalogue and subdivision maps. 3) Due diligence: Famyard shares copies of the title deed and mutation form; you can also do your own official search at the land registry. 4) Free site visit (in person, via a representative, or virtually). 5) Submit documents: ID or passport, KRA PIN and passport photos. 6) Pay per agreed terms (cash, instalments or bank financing) and sign a sale agreement. 7) Famyard handles transfer and registration and delivers the title deed in your name.","How do I buy a plot?|What is the process?|How do I start?|What are the steps?","process, steps, how to buy, purchase, procedure, getting started","","","","","","","https://famyard.co.ke/buy-land-in-kenya-from-abroad-with-famyard-enterprises-ltd/",""
"FY-021","BUYING_PROCESS","DOCUMENTS","Documents needed to buy land","Documents needed to buy a plot through Famyard Enterprises: a copy of your Kenyan National ID or valid passport; KRA PIN certificate (Kenya Revenue Authority); recent passport-size photographs; proof of funds; financing documents if using a bank loan; and, for diaspora buyers, contact details of a trusted nominee/representative in Kenya. Famyard provides a detailed checklist.","What documents do I need?|Do I need a KRA PIN?|What are the requirements?","documents, requirements, id, passport, kra pin, photos, checklist","","","","","","","https://famyard.co.ke/frequently-asked-questions-about-buying-land/",""
"FY-022","BUYING_PROCESS","TITLE_DEEDS","Title deed processing time","Famyard Enterprises sells plots with ready title deeds. Title deeds on its newer estates are processed within about 3 days of completing payment, and the company reports an average 3-day closing time versus a 14-28 day industry norm. Famyard keeps clients updated at each stage and can deliver title deeds to diaspora clients or their appointed representative. Titles are freehold on listed estates.","How long does the title deed take?|Are titles ready?|Is it freehold?|When do I get my title?","title deed, ready title, processing time, 3 days, freehold, ownership","","","","","","","https://famyard.co.ke/plots/chaka-ngatha-estate-plots-50x50/","Some older testimonials mention titles within three months. Confirm the timeline promise for each estate."
"FY-023","BUYING_PROCESS","PRICING","Plot prices and pricing policy","Prices for all Famyard Enterprises plots are given UPON REQUEST and are not published on the website, because they vary by estate, plot size and payment plan. Famyard's pricing is transparent and all-inclusive, covering title deed costs, with water, electricity and roads installed at no extra charge. To book a free site visit or ask about pricing, call Famyard on +254 119 222666, WhatsApp +254 721 383 090 (wa.me/254721383090), or email contact@famyard.co.ke.","How much is a plot?|What is the price?|How much does 1/8 acre cost?|Is the title fee included?","price, cost, how much, pricing, all-inclusive, title fee, upon request","","","","","","Upon request","https://famyard.co.ke/prime-plots-for-sale-in-nyeri-laikipia-nanyuki/","No prices are published. Add current prices per estate if the bot should quote them."
"FY-024","BUYING_PROCESS","PAYMENT_PLANS","Payment plans and financing options","Famyard Enterprises offers flexible payment plans (instalments) to suit different budgets, as well as bank financing through partner banks including NCBA, Family Bank, Co-operative Bank and DTB. Payment can be cash, instalments or a bank loan. Secure payment methods are available for diaspora buyers. Exact deposit and instalment terms are agreed per plot. To book a free site visit or ask about pricing, call Famyard on +254 119 222666, WhatsApp +254 721 383 090 (wa.me/254721383090), or email contact@famyard.co.ke.","Can I pay in instalments?|Do you offer payment plans?|Can I get a loan?|How much is the deposit?","payment plan, instalments, installments, deposit, financing, loan, bank, flexible payment","","","","","","","https://famyard.co.ke/frequently-asked-questions-about-buying-land/","Older 2023 listings advertised 'pay half the price as deposit'. Confirm current deposit and instalment terms."
"FY-025","BUYING_PROCESS","LEGAL_SAFEGUARDS","Legal safeguards and verifying land is genuine","Famyard Enterprises follows Kenyan property law and works with experienced legal professionals on every transaction. Buyers receive copies of the title deed and mutation form and are encouraged to do their own official search at the land registry to confirm ownership and encumbrances. A written sale agreement sets out the terms. Famyard reports a 0% dispute rate and all its plots are legally verified.","How do I know this is not a scam?|How can I verify the land?|Is the land genuine?|Are you legit?","legit, scam, genuine, verify, legal, safe, fraud, due diligence, sale agreement","","","","","","","https://famyard.co.ke/buy-land-in-kenya-from-abroad-with-famyard-enterprises-ltd/",""
"FY-026","BUYING_PROCESS","VALUE_ADDED_PLOTS","What is a value-added plot","A value-added plot is land that Famyard Enterprises has already improved with essential infrastructure, such as water and electricity connections and graded all-weather roads, so the buyer can start building immediately. This saves the buyer the time and cost of bringing in utilities and increases the investment potential of the land. Amenities are installed free of charge.","What is a value-added plot?|Are water and electricity included?|Can I build immediately?","value added, serviced plot, water, electricity, roads, ready to build, amenities","","","","","","","https://famyard.co.ke/buy-land-in-kenya-from-abroad-with-famyard-enterprises-ltd/",""
"FY-027","BUYING_PROCESS","PLOT_SIZES","Plot sizes explained (1/8, 1/4 acre, 50x100)","Plot sizes at Famyard Enterprises: 50 x 100 ft is an eighth of an acre (1/8 acre), the most common size across Famyard estates. 100 x 100 ft is commonly sold in Kenya as a quarter acre (1/4 acre; technically about 0.23 acre), as at Chaka Ranch Homes and Chaka (near Beakin Resort). 50 x 50 ft is about 1/16 acre, offered at Chaka Lane 15 and Chaka Ngatha estates. Many estates advertise 1/8 and 1/4 acre options.","What size are the plots?|How big is an eighth acre?|Do you have quarter acre plots?|What is 50 by 100?","plot size, 50x100, 100x100, 50x50, eighth acre, quarter acre, 1/8, 1/4, acre","","","","","","","",""
"FY-028","DIASPORA","OVERVIEW","Buying land in Kenya from abroad (diaspora)","Famyard Enterprises has served Kenyans abroad since 2016. Diaspora services include remote consultations, virtual site visits and drone videos, airport pickups for visiting clients, site-visit coordination with a trusted representative, secure payment options, flexible payment plans and tailored financing, regular progress updates, and delivery of title deeds to the client or their appointed representative. Diaspora clients have bought from the UK, USA and elsewhere.","I live abroad, can I buy?|Do you help diaspora?|Can I buy land from the UK/USA?|Do you offer airport pickup?","diaspora, abroad, overseas, remote, uk, usa, airport pickup, international","","","","","","","https://famyard.co.ke/buy-land-in-kenya-from-abroad-with-famyard-enterprises-ltd/",""
"FY-029","DIASPORA","PROCESS","Diaspora buying steps and requirements","Diaspora process at Famyard Enterprises: 1) enquire online or by WhatsApp; 2) choose a plot from the catalogue and subdivision maps; 3) review copies of the title deed and mutation form and optionally do an independent land registry search; 4) have a trusted family member, friend or lawyer visit the site; 5) send a copy of your Kenyan ID or passport, KRA PIN certificate, passport photos and nominee details; 6) pay per agreed terms and sign the sale agreement; 7) Famyard transfers and registers the plot in your name and delivers the title deed.","What do I need as a diaspora buyer?|How do I buy remotely?|Who can visit on my behalf?","diaspora, requirements, nominee, representative, remote purchase, steps","","","","","","","https://famyard.co.ke/buy-land-in-kenya-from-abroad-with-famyard-enterprises-ltd/",""
"FY-030","FAQ","GENERAL","Do you offer site visits?","Q: Do you offer site visits? A: Yes. Famyard offers free, guided site visits to every estate so you can assess location, potential and features. Book by phone, WhatsApp, email or the website at a time that suits you.","Do you offer site visits?","site visit, viewing","","","","","","","https://famyard.co.ke/frequently-asked-questions-about-buying-land/",""
"FY-031","FAQ","GENERAL","How quickly can title deeds be processed?","Q: How quickly can title deeds be processed? A: Famyard's streamlined process gets title deeds ready fast, often within about 3 days on current estates, so you secure your investment without delays.","How quickly can title deeds be processed?","title deed, speed","","","","","","","https://famyard.co.ke/frequently-asked-questions-about-buying-land/",""
"FY-032","FAQ","GENERAL","What types of land do you offer?","Q: What types of land do you offer? A: Residential land, commercial land and gated-community plots in Nyeri, Laikipia, Nanyuki and surrounding towns, suited to the middle class, upscale buyers and the Kenyan diaspora.","What types of land do you offer?","types, residential, commercial, gated","","","","","","","https://famyard.co.ke/frequently-asked-questions-about-buying-land/",""
"FY-033","FAQ","GENERAL","How does Famyard stand out from competitors?","Q: How does Famyard stand out from competitors? A: A 10-year track record, rapid title deed processing, all-inclusive pricing, strong customer service, bank financing options, personalised site visits and property management.","How does Famyard stand out from competitors?","competitors, difference","","","","","","","https://famyard.co.ke/frequently-asked-questions-about-buying-land/",""
"FY-034","FAQ","GENERAL","Can international clients buy land through Famyard?","Q: Can international clients buy land through Famyard? A: Yes. Famyard serves clients worldwide with remote support, tailored financing and step-by-step guidance for international investors.","Can international clients buy land through Famyard?","international, foreign, diaspora","","","","","","","https://famyard.co.ke/frequently-asked-questions-about-buying-land/",""
"FY-035","FAQ","GENERAL","How do I stay updated on new listings and offers?","Q: How do I stay updated on new listings and offers? A: Follow Famyard on Facebook, Instagram, X, YouTube and TikTok, subscribe to the newsletter, or visit famyard.co.ke. Listings and financing deals are updated frequently.","How do I stay updated on new listings and offers?","updates, new listings, offers, newsletter","","","","","","","https://famyard.co.ke/frequently-asked-questions-about-buying-land/",""
"FY-036","FAQ","GENERAL","What does 'Status: Completed' mean on a listing?","Q: What does 'Status: Completed' mean on a listing? A: On Famyard's website 'Completed' means the estate's infrastructure (roads, water, electricity) is done and the plots are ready. It does not mean sold out. Contact Famyard to confirm which plots are still available.","What does 'Status: Completed' mean on a listing?","status, completed, sold out, availability","","","","","","","https://famyard.co.ke/frequently-asked-questions-about-buying-land/",""
"FY-037","FAQ","GENERAL","Is the land good for farming?","Q: Is the land good for farming? A: Many Famyard estates (Naru Moru, Lusoi, Nyaribo, Tetu, Kagundu-ini, Kangaita) have fertile volcanic or red soils suitable for crops such as coffee, tea, bananas, vegetables and horticulture, as well as for building.","Is the land good for farming?","farming, agriculture, soil, crops","","","","","","","https://famyard.co.ke/frequently-asked-questions-about-buying-land/",""
"FY-038","FAQ","GENERAL","Can I build immediately after buying?","Q: Can I build immediately after buying? A: Yes. Famyard plots are value-added, with water, electricity and graded roads in place, so you can start construction once the purchase is complete.","Can I build immediately after buying?","build, construction, develop","","","","","","","https://famyard.co.ke/frequently-asked-questions-about-buying-land/",""
"FY-039","FAQ","GENERAL","Are the estates secure?","Q: Are the estates secure? A: Famyard's gated estates offer controlled access; premium estates like Chaka Ranch Homes have perimeter electric fencing, street lighting, security floodlights, CCTV and guards. Several estates sit near police stations (for example Ngobit).","Are the estates secure?","security, safe, gated, fence, cctv","","","","","","","https://famyard.co.ke/frequently-asked-questions-about-buying-land/",""
"FY-040","LOCATIONS","AREAS_SERVED","All areas where Famyard sells plots","Famyard Enterprises sells plots in: Chaka, Nyeri Town, Gitero, Tetu, Kagundu-ini, Kiawara, Karatina, Mukurweini, Othaya, Mweiga, Kanyagia, Nyaribo, Naru Moru (Naro Moru), Karicheni (Kieni East), Wiyumiririe (Jikaze), Kangaita, Lusoi, Nanyuki, Ngobit (Laikipia East), Nyahururu, Rumuruti and beyond in Nyeri and Laikipia counties. Famyard covers 25+ strategic locations.","Where do you have plots?|Which areas do you cover?|Do you have land in Nanyuki?|Do you sell in Nairobi?","locations, areas, towns, nyeri, laikipia, nanyuki, chaka, karatina, where","","","","","","","https://famyard.co.ke/prime-plots-for-sale-in-nyeri-laikipia-nanyuki/","Mukurweini, Othaya, Nyahururu, Rumuruti and Kiawara are named as locations but have no individual listing page."
"FY-041","LOCATIONS","LISTINGS_INDEX","List of all Famyard estates currently listed","Famyard estates listed on the website (17): Chaka Lane 15 Famyard Estate (50x50, Chaka); Chaka Ngatha Estate (50x50, Chaka); Chaka Ranch Homes (1/4 acre premium, Chaka); Chaka plots near Beakin Resort (100x100); Gitero plots (50x100, 6 km from Nyeri); Karatina / High Ridge Estate (50x100); Kangaita / Kahua Ridge Estate (50x100); Wiyumiririe plots (50x100); Mweiga-Kanyagia plots (50x100); Lusoi Gardens (50x100); Nanyuki Townview Estate (50x100); Naru Moru Gardens Estate (50x100); Nyaribo Airstrip Estate (50x100); Tetu Girls Estate (50x100); Kagundu-ini plots (50x100); Karicheni plots, Kieni (50x100); Ngobit plots, Laikipia East (50x100).","What estates do you have?|Show me all your plots|What is available?","estates, listings, all plots, available, catalogue","","","","","","","https://famyard.co.ke/prime-plots-for-sale-in-nyeri-laikipia-nanyuki/",""
"FY-042","PROPERTY","OVERVIEW","Chaka Lane 15 Famyard Estate","Chaka Lane 15 Famyard Estate is Famyard's newest estate, 50 x 50 ft plots along Chaka Lane in Chaka, Nyeri County, in a controlled gated community. Plots are 300 m from the tarmac road, 3 km from Chaka town centre, and border the new Chaka Bypass, giving strong growth potential. Every plot is fully serviced: 9-metre graded all-weather roads, water and electricity connections installed, ready title deed within 3 days. Ideal for a home, rental or investment. Launched in September 2026 with former ICT Cabinet Secretary Joe Mucheru, who planted trees and handed over title deeds. Plot size: 50 x 50 ft (approx. 1/16 acre). Type: Controlled Gated Community. Price: upon request. To book a free site visit or ask about pricing, call Famyard on +254 119 222666, WhatsApp +254 721 383 090 (wa.me/254721383090), or email contact@famyard.co.ke.","Tell me about Chaka Lane 15 Famyard Estate|Do you have plots in Chaka?|What size are plots in Chaka?","chaka lane 15 famyard estate, chaka, plots for sale, 50 x 50 ft","Chaka","Nyeri","50 x 50 ft (approx. 1/16 acre)","Controlled Gated Community","Ready for sale (new phase launched Sept 2026)","Upon request","https://famyard.co.ke/plots/chaka-lane-15-famyard-estate-50x50-plots/","Page title/meta wrongly show 'Chaka Ranch Homes' text; confirm details are Chaka Lane 15 specific."
"FY-043","PROPERTY","LOCATION_LANDMARKS","Chaka Lane 15 Famyard Estate - location and nearby landmarks","Chaka Lane 15 Famyard Estate (Chaka, Nyeri County) - Nearby in Chaka: Chaka Ranch resort (swimming pool, water park, accommodation, restaurant, quad biking, go-karts); Chaka town shops and services; Chaka Shopping Mall; St. John's Divine Nursing Home on the Kiganjo-Nanyuki highway (24-hour outpatient, inpatient, maternity, surgery, emergency); Chaka Open Air Market; and the Kiganjo-Nanyuki / A2 road corridor linking Nyeri and Nanyuki. Directions: maps.app.goo.gl/YRNhgLhYr47JmFbU6","How far is Chaka Lane 15 Famyard Estate from town?|What is near Chaka plots?|How do I get to Chaka Lane 15 Famyard Estate?","chaka lane 15 famyard estate, chaka, plots for sale, 50 x 50 ft, distance, directions, landmarks, schools, hospital","Chaka","Nyeri","50 x 50 ft (approx. 1/16 acre)","Controlled Gated Community","Ready for sale (new phase launched Sept 2026)","Upon request","https://famyard.co.ke/plots/chaka-lane-15-famyard-estate-50x50-plots/",""
"FY-044","PROPERTY","OVERVIEW","Chaka Ngatha Estate","Chaka Ngatha Estate (also called Chaka Junction) offers 50 x 50 ft plots about 5 km from Chaka town, close to Chaka Ranch, in Nyeri County. Ideal for a family home, holiday retreat, rental property or future development. Water and essential amenities are installed, roads are graded 9 metres wide, and title deeds are ready within 3 days. Plot size: 50 x 50 ft (approx. 1/16 acre). Type: Controlled Gated Community. Price: upon request. To book a free site visit or ask about pricing, call Famyard on +254 119 222666, WhatsApp +254 721 383 090 (wa.me/254721383090), or email contact@famyard.co.ke.","Tell me about Chaka Ngatha Estate|Do you have plots in Chaka?|What size are plots in Chaka?","chaka ngatha estate, chaka, plots for sale, 50 x 50 ft","Chaka","Nyeri","50 x 50 ft (approx. 1/16 acre)","Controlled Gated Community","Ready for sale","Upon request","https://famyard.co.ke/plots/chaka-ngatha-estate-plots-50x50/","Older LinkedIn post described Ngatha Estate plots as 1/8 acre; website now says 50x50. Confirm electricity status (page body mentions water only)."
"FY-045","PROPERTY","LOCATION_LANDMARKS","Chaka Ngatha Estate - location and nearby landmarks","Chaka Ngatha Estate (Chaka, Nyeri County) - Nearby in Chaka: Chaka Ranch resort (swimming pool, water park, accommodation, restaurant, quad biking, go-karts); Chaka town shops and services; Chaka Shopping Mall; St. John's Divine Nursing Home on the Kiganjo-Nanyuki highway (24-hour outpatient, inpatient, maternity, surgery, emergency); Chaka Open Air Market; and the Kiganjo-Nanyuki / A2 road corridor linking Nyeri and Nanyuki.","How far is Chaka Ngatha Estate from town?|What is near Chaka plots?|How do I get to Chaka Ngatha Estate?","chaka ngatha estate, chaka, plots for sale, 50 x 50 ft, distance, directions, landmarks, schools, hospital","Chaka","Nyeri","50 x 50 ft (approx. 1/16 acre)","Controlled Gated Community","Ready for sale","Upon request","https://famyard.co.ke/plots/chaka-ngatha-estate-plots-50x50/",""
"FY-046","PROPERTY","OVERVIEW","Chaka Ranch Homes","Chaka Ranch Homes is Famyard's premium master-planned gated community of fully serviced 1/4 acre (100 x 100 ft) plots next to Chaka Ranch Resort on the foothills of Mount Kenya, with Aberdare views. Infrastructure: cabro-paved all-weather roads, electricity, water, sewerage, storm drainage, fibre optic internet outlets, perimeter electric fence, chain-link fence with hedge, street lighting, security floodlights, exclusive club house, children's playground, CCTV and guards. Homeowners get free access to Chaka Ranch Water Park. Mucheru's World of Golf, an 18-hole Par-3 course, is coming up next to the estate. Owners can partner with Chaka Ranch Resort to earn rental income when the home is empty. Buyers choose from 4 pre-approved house designs, from a 3-bed bungalow to a 5-bed villa with rooftop terrace. Freehold title. Plot size: 100 x 100 ft (1/4 acre). Type: Premium Gated Community. Price: upon request. To book a free site visit or ask about pricing, call Famyard on +254 119 222666, WhatsApp +254 721 383 090 (wa.me/254721383090), or email contact@famyard.co.ke.","Tell me about Chaka Ranch Homes|Do you have plots in Chaka?|What size are plots in Chaka?","chaka ranch homes, chaka, plots for sale, 100 x 100 ft","Chaka","Nyeri","100 x 100 ft (1/4 acre)","Premium Gated Community","Completed (fully serviced)","Upon request","https://famyard.co.ke/plots/chaka-ranch-homes-premium-fully-serviced-1-4-acre-plots-for-sale-in-chaka-nyeri-2/",""
"FY-047","PROPERTY","LOCATION_LANDMARKS","Chaka Ranch Homes - location and nearby landmarks","Chaka Ranch Homes (Chaka, Nyeri County) - Nearby in Chaka: Chaka Ranch resort (swimming pool, water park, accommodation, restaurant, quad biking, go-karts); Chaka town shops and services; Chaka Shopping Mall; St. John's Divine Nursing Home on the Kiganjo-Nanyuki highway (24-hour outpatient, inpatient, maternity, surgery, emergency); Chaka Open Air Market; and the Kiganjo-Nanyuki / A2 road corridor linking Nyeri and Nanyuki.","How far is Chaka Ranch Homes from town?|What is near Chaka plots?|How do I get to Chaka Ranch Homes?","chaka ranch homes, chaka, plots for sale, 100 x 100 ft, distance, directions, landmarks, schools, hospital","Chaka","Nyeri","100 x 100 ft (1/4 acre)","Premium Gated Community","Completed (fully serviced)","Upon request","https://famyard.co.ke/plots/chaka-ranch-homes-premium-fully-serviced-1-4-acre-plots-for-sale-in-chaka-nyeri-2/",""
"FY-048","PROPERTY","OVERVIEW","Chaka plots near Beakin Resort","Famyard's plots in Chaka, Nyeri County are 100 x 100 ft residential plots close to Beakin Chaka Resort, suitable for residential or commercial development. Water, electricity and graded roads are in place for immediate building. Nearby markets, shops, schools, health centres and heightened security. Plot size: 100 x 100 ft (1/4 acre). Type: Residential Land. Price: upon request. To book a free site visit or ask about pricing, call Famyard on +254 119 222666, WhatsApp +254 721 383 090 (wa.me/254721383090), or email contact@famyard.co.ke.","Tell me about Chaka plots near Beakin Resort|Do you have plots in Chaka?|What size are plots in Chaka?","chaka plots near beakin resort, chaka, plots for sale, 100 x 100 ft","Chaka","Nyeri","100 x 100 ft (1/4 acre)","Residential Land","Completed","Upon request","https://famyard.co.ke/plots/plots-for-sale-in-chaka-nyeri-county/",""
"FY-049","PROPERTY","LOCATION_LANDMARKS","Chaka plots near Beakin Resort - location and nearby landmarks","Chaka plots near Beakin Resort (Chaka, Nyeri County) - Distances: Beakin Resort 300 m; Chaka town centre 1 km; local market 1 km; healthcare facility 2 km; Nanyuki airstrip about 15 km. Directions: maps.app.goo.gl/PkEHWUEB452SD1XCA","How far is Chaka plots near Beakin Resort from town?|What is near Chaka plots?|How do I get to Chaka plots near Beakin Resort?","chaka plots near beakin resort, chaka, plots for sale, 100 x 100 ft, distance, directions, landmarks, schools, hospital","Chaka","Nyeri","100 x 100 ft (1/4 acre)","Residential Land","Completed","Upon request","https://famyard.co.ke/plots/plots-for-sale-in-chaka-nyeri-county/",""
"FY-050","PROPERTY","OVERVIEW","Gitero plots","Famyard's Gitero plots are 50 x 100 ft (1/8 acre) residential plots 6 km from Nyeri Town, Nyeri County, suitable for residential or commercial development. Water, electricity and graded roads are in place. Close to schools, health centres, markets and Nyeri's leisure spots such as Outspan Hotel and Nyeri Golf Club. Plot size: 50 x 100 ft (1/8 acre). Type: Residential Land. Price: upon request. To book a free site visit or ask about pricing, call Famyard on +254 119 222666, WhatsApp +254 721 383 090 (wa.me/254721383090), or email contact@famyard.co.ke.","Tell me about Gitero plots|Do you have plots in Gitero?|What size are plots in Gitero?","gitero plots, gitero, plots for sale, 50 x 100 ft","Gitero","Nyeri","50 x 100 ft (1/8 acre)","Residential Land","Completed","Upon request","https://famyard.co.ke/plots/plots-for-sale-in-gitero-nyeri-county/",""
"FY-051","PROPERTY","LOCATION_LANDMARKS","Gitero plots - location and nearby landmarks","Gitero plots (Gitero, Nyeri County) - Distances: Nyeri Town 6 km; Naivas Supermarket 5.9 km; Outspan Hospital 8 km; Outspan Hotel 8.2 km. Directions: maps.app.goo.gl/SA48HrDqQ9HVKioz6","How far is Gitero plots from town?|What is near Gitero plots?|How do I get to Gitero plots?","gitero plots, gitero, plots for sale, 50 x 100 ft, distance, directions, landmarks, schools, hospital","Gitero","Nyeri","50 x 100 ft (1/8 acre)","Residential Land","Completed","Upon request","https://famyard.co.ke/plots/plots-for-sale-in-gitero-nyeri-county/",""
"FY-052","PROPERTY","OVERVIEW","Karatina High Ridge Estate","Famyard's Karatina Estate (High Ridge Estate) is a gated community of 50 x 100 ft plots in Karatina town, Nyeri County, just 100 m off the Nairobi-Nanyuki Highway and 500 m from Karatina town centre. Fully serviced with water, electricity and engineered graded roads. Near shops, markets, schools and clinics. Bank financing available. Plot size: 50 x 100 ft (1/8 acre); 1/4 also advertised. Type: Gated Community. Price: upon request. To book a free site visit or ask about pricing, call Famyard on +254 119 222666, WhatsApp +254 721 383 090 (wa.me/254721383090), or email contact@famyard.co.ke.","Tell me about Karatina High Ridge Estate|Do you have plots in Karatina?|What size are plots in Karatina?","karatina high ridge estate, karatina, plots for sale, 50 x 100 ft","Karatina","Nyeri","50 x 100 ft (1/8 acre); 1/4 also advertised","Gated Community","Completed","Upon request","https://famyard.co.ke/plots/plots-for-sale-in-karatina-town/","Page title says '100M from Town Center' but body says 500 m from town and 100 m from highway."
"FY-053","PROPERTY","LOCATION_LANDMARKS","Karatina High Ridge Estate - location and nearby landmarks","Karatina High Ridge Estate (Karatina, Nyeri County) - Distances: Nairobi-Nanyuki Highway 100 m; Karatina town centre 500 m; Karatina Primary School 1.2 km; railway station 3 km; Karatina University 10 km; regional airstrip 45 km. Directions: maps.app.goo.gl/Fh6Co9MACM1Z27bD9","How far is Karatina High Ridge Estate from town?|What is near Karatina plots?|How do I get to Karatina High Ridge Estate?","karatina high ridge estate, karatina, plots for sale, 50 x 100 ft, distance, directions, landmarks, schools, hospital","Karatina","Nyeri","50 x 100 ft (1/8 acre); 1/4 also advertised","Gated Community","Completed","Upon request","https://famyard.co.ke/plots/plots-for-sale-in-karatina-town/",""
"FY-054","PROPERTY","OVERVIEW","Kangaita Kahua Ridge Estate","Kahua Ridge Estate in Kangaita offers 50 x 100 ft residential plots with panoramic views of Mount Kenya, reliable electricity, consistent water and maintained access roads. Moderate climate and fertile soils suit homes, holiday homes, eco-tourism and agribusiness. Close to Nanyuki's commercial hub and tourism attractions. Plot size: 50 x 100 ft (1/8 acre). Type: Residential Land. Price: upon request. To book a free site visit or ask about pricing, call Famyard on +254 119 222666, WhatsApp +254 721 383 090 (wa.me/254721383090), or email contact@famyard.co.ke.","Tell me about Kangaita Kahua Ridge Estate|Do you have plots in Kangaita?|What size are plots in Kangaita?","kangaita kahua ridge estate, kangaita, plots for sale, 50 x 100 ft","Kangaita","Nyeri/Laikipia (confirm)","50 x 100 ft (1/8 acre)","Residential Land","Completed","Upon request","https://famyard.co.ke/plots/plots-for-sale-in-kangaita/","Page says 'Kangaita, Nanyuki' but listing location tag says 'Ruring'u, Nyeri'. Confirm exact location/county."
"FY-055","PROPERTY","LOCATION_LANDMARKS","Kangaita Kahua Ridge Estate - location and nearby landmarks","Kangaita Kahua Ridge Estate (Kangaita, Nyeri/Laikipia (confirm) County) - Distances: Nanyuki High School 5 km; Equity Bank Nanyuki 5.5 km; Nanyuki Teaching and Referral Hospital 6 km; Cedar Mall 6 km; Braeburn Nanyuki International School 7 km; Nanyuki Airstrip 10 km; Mount Kenya Wildlife Conservancy 15 km; Ol Pejeta Conservancy 17 km. Estate plan available. Directions: maps.app.goo.gl/2quoayWuMqLis98f7","How far is Kangaita Kahua Ridge Estate from town?|What is near Kangaita plots?|How do I get to Kangaita Kahua Ridge Estate?","kangaita kahua ridge estate, kangaita, plots for sale, 50 x 100 ft, distance, directions, landmarks, schools, hospital","Kangaita","Nyeri/Laikipia (confirm)","50 x 100 ft (1/8 acre)","Residential Land","Completed","Upon request","https://famyard.co.ke/plots/plots-for-sale-in-kangaita/",""
"FY-056","PROPERTY","OVERVIEW","Wiyumiririe plots (Jikaze)","Famyard's Wiyumiririe plots are a gated community of 50 x 100 ft plots in Wiyumiririe town (Jikaze area), off the Nyeri-Nyahururu Highway, where Famyard's second office is. Water, electricity and graded roads installed; ready for residential or commercial projects; secure community. Plot size: 50 x 100 ft (1/8 acre). Type: Gated Community. Price: upon request. To book a free site visit or ask about pricing, call Famyard on +254 119 222666, WhatsApp +254 721 383 090 (wa.me/254721383090), or email contact@famyard.co.ke.","Tell me about Wiyumiririe plots (Jikaze)|Do you have plots in Wiyumiririe?|What size are plots in Wiyumiririe?","wiyumiririe plots (jikaze), wiyumiririe, plots for sale, 50 x 100 ft","Wiyumiririe","Nyeri","50 x 100 ft (1/8 acre)","Gated Community","Completed","Upon request","https://famyard.co.ke/plots/plots-for-sale-in-wiyumiririe/","Page title says 50 m from highway; body says 200 m."
"FY-057","PROPERTY","LOCATION_LANDMARKS","Wiyumiririe plots (Jikaze) - location and nearby landmarks","Wiyumiririe plots (Jikaze) (Wiyumiririe, Nyeri County) - Distances: main highway about 200 m; Wiyumiririe town centre 500 m; local market 1 km; nearest clinic 1.5 km; Wiyumiririe Primary School 2 km; regional airstrip 15 km. Estate plan (Phase 1) available. Directions: maps.app.goo.gl/DJqzvD7w7DUsf7fN7","How far is Wiyumiririe plots (Jikaze) from town?|What is near Wiyumiririe plots?|How do I get to Wiyumiririe plots (Jikaze)?","wiyumiririe plots (jikaze), wiyumiririe, plots for sale, 50 x 100 ft, distance, directions, landmarks, schools, hospital","Wiyumiririe","Nyeri","50 x 100 ft (1/8 acre)","Gated Community","Completed","Upon request","https://famyard.co.ke/plots/plots-for-sale-in-wiyumiririe/",""
"FY-058","PROPERTY","OVERVIEW","Mweiga Kanyagia plots","Famyard's Mweiga-Kanyagia plots are a gated community of 50 x 100 ft plots in Mweiga, Nyeri County, off the Nyeri-Nyahururu road near the Aberdare slopes, on fertile rolling hills. Water and electricity installed and roads graded; suitable for residential, commercial or farming use. Secure, close-knit community with new schools and clinics coming up. Plot size: 50 x 100 ft (1/8 acre). Type: Gated Community. Price: upon request. To book a free site visit or ask about pricing, call Famyard on +254 119 222666, WhatsApp +254 721 383 090 (wa.me/254721383090), or email contact@famyard.co.ke.","Tell me about Mweiga Kanyagia plots|Do you have plots in Mweiga / Kanyagia?|What size are plots in Mweiga / Kanyagia?","mweiga kanyagia plots, mweiga / kanyagia, plots for sale, 50 x 100 ft","Mweiga / Kanyagia","Nyeri","50 x 100 ft (1/8 acre)","Gated Community","Completed","Upon request","https://famyard.co.ke/plots/plots-for-sale-in-mweiga-kanyagia/","The 'Graded Road Network' section on this web page contains Lorem Ipsum placeholder text; fix on site."
"FY-059","PROPERTY","LOCATION_LANDMARKS","Mweiga Kanyagia plots - location and nearby landmarks","Mweiga Kanyagia plots (Mweiga / Kanyagia, Nyeri County) - Distances: Mweiga town centre 500 m; Mweiga market 500 m; local market 2 km; Le Tai Village Resort 2 km; Mweiga Airstrip 3 km; Dedan Kimathi University of Technology (DeKUT) 8 km. Estate plan (Phase 1) available. Directions: maps.app.goo.gl/CYUf2y3tGfgbNUKJA","How far is Mweiga Kanyagia plots from town?|What is near Mweiga / Kanyagia plots?|How do I get to Mweiga Kanyagia plots?","mweiga kanyagia plots, mweiga / kanyagia, plots for sale, 50 x 100 ft, distance, directions, landmarks, schools, hospital","Mweiga / Kanyagia","Nyeri","50 x 100 ft (1/8 acre)","Gated Community","Completed","Upon request","https://famyard.co.ke/plots/plots-for-sale-in-mweiga-kanyagia/",""
"FY-060","PROPERTY","OVERVIEW","Lusoi Gardens Estate","Lusoi Gardens is a residential enclave of 1/8 acre (50 x 100 ft) plots on the Nyeri-Naro Moru corridor, 29 km from Nyeri Town, with Mount Kenya views and rich volcanic soils suited to upscale homes and high-yield farming. Upgraded roads and utilities, secure upscale neighbourhood, near the tourism and commerce of Naro Moru and Chaka. Plot size: 50 x 100 ft (1/8 acre). Type: Residential Land. Price: upon request. To book a free site visit or ask about pricing, call Famyard on +254 119 222666, WhatsApp +254 721 383 090 (wa.me/254721383090), or email contact@famyard.co.ke.","Tell me about Lusoi Gardens Estate|Do you have plots in Lusoi?|What size are plots in Lusoi?","lusoi gardens estate, lusoi, plots for sale, 50 x 100 ft","Lusoi","Nyeri/Laikipia (confirm)","50 x 100 ft (1/8 acre)","Residential Land","Completed","Upon request","https://famyard.co.ke/plots/plots-for-sale-in-lusoi/","Page heading says Laikipia County but the estate is described on the Nyeri corridor. Confirm county."
"FY-061","PROPERTY","LOCATION_LANDMARKS","Lusoi Gardens Estate - location and nearby landmarks","Lusoi Gardens Estate (Lusoi, Nyeri/Laikipia (confirm) County) - Distances: Chaka market 3.5 km; Lusoi Resort 4.5 km; Naro Moru Primary School 4.8 km; Naro Moru town centre 5 km; Nyeri Country Club 25 km; Nyeri town centre 29 km. Directions: maps.app.goo.gl/s59z5pKYv1gx3fm4A","How far is Lusoi Gardens Estate from town?|What is near Lusoi plots?|How do I get to Lusoi Gardens Estate?","lusoi gardens estate, lusoi, plots for sale, 50 x 100 ft, distance, directions, landmarks, schools, hospital","Lusoi","Nyeri/Laikipia (confirm)","50 x 100 ft (1/8 acre)","Residential Land","Completed","Upon request","https://famyard.co.ke/plots/plots-for-sale-in-lusoi/",""
"FY-062","PROPERTY","OVERVIEW","Nanyuki Townview Estate","Townview Estate in Ntukuruma, Nanyuki (Laikipia County) offers 50 x 100 ft residential plots on fertile land with views of Mount Kenya and the Aberdares. Close to Nanyuki town, international and local schools, hospitals, markets, dining and safari destinations. Nanyuki's economy is driven by tourism, conservation and agriculture, supporting strong capital appreciation. Plot size: 50 x 100 ft (1/8 acre). Type: Residential Land. Price: upon request. To book a free site visit or ask about pricing, call Famyard on +254 119 222666, WhatsApp +254 721 383 090 (wa.me/254721383090), or email contact@famyard.co.ke.","Tell me about Nanyuki Townview Estate|Do you have plots in Nanyuki (Ntukuruma)?|What size are plots in Nanyuki (Ntukuruma)?","nanyuki townview estate, nanyuki (ntukuruma), plots for sale, 50 x 100 ft","Nanyuki (Ntukuruma)","Laikipia","50 x 100 ft (1/8 acre)","Residential Land","Completed","Upon request","https://famyard.co.ke/plots/plots-for-sale-in-nanyuki-town/","Older LinkedIn post said Townview plots are 2 km from Nanyuki town, 600 m off the Nanyuki-Meru highway."
"FY-063","PROPERTY","LOCATION_LANDMARKS","Nanyuki Townview Estate - location and nearby landmarks","Nanyuki Townview Estate (Nanyuki (Ntukuruma), Laikipia County) - Distances: Nanyuki Primary School 700 m; Nanyuki Market 800 m; Nanyuki town centre 900 m; Nanyuki Government Hospital 1 km; Nanyuki Airstrip 3 km. Directions: maps.app.goo.gl/t7qFLyeKkrSCk2KW6","How far is Nanyuki Townview Estate from town?|What is near Nanyuki (Ntukuruma) plots?|How do I get to Nanyuki Townview Estate?","nanyuki townview estate, nanyuki (ntukuruma), plots for sale, 50 x 100 ft, distance, directions, landmarks, schools, hospital","Nanyuki (Ntukuruma)","Laikipia","50 x 100 ft (1/8 acre)","Residential Land","Completed","Upon request","https://famyard.co.ke/plots/plots-for-sale-in-nanyuki-town/",""
"FY-064","PROPERTY","OVERVIEW","Naru Moru Gardens Estate","Naru Moru Gardens Estate is in Naro Moru town, Nyeri County, between Nyeri and Nanyuki off the Nairobi-Nanyuki highway. 50 x 100 ft plots with fertile volcanic soil (coffee, tea, horticulture), Mount Kenya views, graded access roads and reliable river water. Near tourist lodges, giving short-term rental potential. Plot size: 50 x 100 ft (1/8 acre). Type: Residential Land. Price: upon request. To book a free site visit or ask about pricing, call Famyard on +254 119 222666, WhatsApp +254 721 383 090 (wa.me/254721383090), or email contact@famyard.co.ke.","Tell me about Naru Moru Gardens Estate|Do you have plots in Naro Moru?|What size are plots in Naro Moru?","naru moru gardens estate, naro moru, plots for sale, 50 x 100 ft","Naro Moru","Nyeri","50 x 100 ft (1/8 acre)","Residential Land","Completed","Upon request","https://famyard.co.ke/plots/plots-for-sale-in-naru-moru/",""
"FY-065","PROPERTY","LOCATION_LANDMARKS","Naru Moru Gardens Estate - location and nearby landmarks","Naru Moru Gardens Estate (Naro Moru, Nyeri County) - Distances: Naro Moru Primary School 1.8 km; Naro Moru town centre 2 km; Naro Moru Police Station 2.1 km; Naro Moru Health Centre 2.2 km; Naro Moru River Lodge 2.5 km; Mount Kenya National Park gate 15 km. Estate plan available. Directions: maps.app.goo.gl/G73EzTLNX4vjxfURA","How far is Naru Moru Gardens Estate from town?|What is near Naro Moru plots?|How do I get to Naru Moru Gardens Estate?","naru moru gardens estate, naro moru, plots for sale, 50 x 100 ft, distance, directions, landmarks, schools, hospital","Naro Moru","Nyeri","50 x 100 ft (1/8 acre)","Residential Land","Completed","Upon request","https://famyard.co.ke/plots/plots-for-sale-in-naru-moru/",""
"FY-066","PROPERTY","OVERVIEW","Nyaribo Airstrip Estate","Nyaribo Airstrip Estate offers 50 x 100 ft plots near Nyaribo Airstrip in Nyeri County (Chaka area), with fertile volcanic soil and reliable water from the Chania and Sagana rivers. The rehabilitated airstrip (with VIP lounge) and planned Nairobi-Nyeri commercial flights are expected to boost trade, tourism and land values. Between the Aberdares and Mount Kenya; near DeKUT and Nyeri County Referral Hospital. Plot size: 50 x 100 ft (1/8 acre). Type: Residential Land. Price: upon request. To book a free site visit or ask about pricing, call Famyard on +254 119 222666, WhatsApp +254 721 383 090 (wa.me/254721383090), or email contact@famyard.co.ke.","Tell me about Nyaribo Airstrip Estate|Do you have plots in Nyaribo?|What size are plots in Nyaribo?","nyaribo airstrip estate, nyaribo, plots for sale, 50 x 100 ft","Nyaribo","Nyeri","50 x 100 ft (1/8 acre)","Residential Land","Completed","Upon request","https://famyard.co.ke/plots/plots-for-sale-in-nyaribo-airstrip-nyeri-county/",""
"FY-067","PROPERTY","LOCATION_LANDMARKS","Nyaribo Airstrip Estate - location and nearby landmarks","Nyaribo Airstrip Estate (Nyaribo, Nyeri County) - Distances: Chaka Town Market 350 m; Chaka Secondary School 1 km; Graceland Secondary School 1 km; Chaka Ranch Hotel 1.2 km; Nyaribo Airstrip 1.5 km; Chaka Railway Station 1.8 km. Directions: maps.app.goo.gl/XQy38dEz2gwaj7po6","How far is Nyaribo Airstrip Estate from town?|What is near Nyaribo plots?|How do I get to Nyaribo Airstrip Estate?","nyaribo airstrip estate, nyaribo, plots for sale, 50 x 100 ft, distance, directions, landmarks, schools, hospital","Nyaribo","Nyeri","50 x 100 ft (1/8 acre)","Residential Land","Completed","Upon request","https://famyard.co.ke/plots/plots-for-sale-in-nyaribo-airstrip-nyeri-county/",""
"FY-068","PROPERTY","OVERVIEW","Tetu Girls Estate","Tetu Girls Estate is in Tetu, Nyeri County (Mukaro Municipality) near Tetu Girls Primary and High School. 50 x 100 ft plots suited to a home, rental units or investment, with fertile soils, rolling green hills, upgraded roads and water from NYEWASCO. Plot size: 50 x 100 ft (1/8 acre). Type: Residential Land. Price: upon request. To book a free site visit or ask about pricing, call Famyard on +254 119 222666, WhatsApp +254 721 383 090 (wa.me/254721383090), or email contact@famyard.co.ke.","Tell me about Tetu Girls Estate|Do you have plots in Tetu?|What size are plots in Tetu?","tetu girls estate, tetu, plots for sale, 50 x 100 ft","Tetu","Nyeri","50 x 100 ft (1/8 acre)","Residential Land","Completed","Upon request","https://famyard.co.ke/plots/plots-for-sale-in-tetu-nyeri-county/",""
"FY-069","PROPERTY","LOCATION_LANDMARKS","Tetu Girls Estate - location and nearby landmarks","Tetu Girls Estate (Tetu, Nyeri County) - Distances: Tetu Girls High School 500 m; supermarket 1 km; Tetu Sub-County Hospital 3 km; Nyeri-Nairobi Highway 4 km; Green Hills Hotel and Golf Course 6 km; DeKUT 7 km; Nyeri Town CBD 7 km; Nyeri County Referral Hospital 9 km; Aberdare National Park 10 km. Estate plan available. Directions: maps.app.goo.gl/muAjhaSfATjiYTMc6","How far is Tetu Girls Estate from town?|What is near Tetu plots?|How do I get to Tetu Girls Estate?","tetu girls estate, tetu, plots for sale, 50 x 100 ft, distance, directions, landmarks, schools, hospital","Tetu","Nyeri","50 x 100 ft (1/8 acre)","Residential Land","Completed","Upon request","https://famyard.co.ke/plots/plots-for-sale-in-tetu-nyeri-county/",""
"FY-070","PROPERTY","OVERVIEW","Kagundu-ini plots","Famyard's Kagundu-ini plots are in Tetu, Nyeri County, 300 m off Kagunduini Road and about 15 km from Nyeri town. 50 x 100 ft plots on fertile, well-drained red soil good for bananas, sugarcane and vegetables and stable for building foundations. All-weather roads, nearby tarmac, new cabro paving at Kagundu-ini shopping centre, and the Kaigonji water project improving irrigation. Plot size: 50 x 100 ft (1/8 acre). Type: Residential Land. Price: upon request. To book a free site visit or ask about pricing, call Famyard on +254 119 222666, WhatsApp +254 721 383 090 (wa.me/254721383090), or email contact@famyard.co.ke.","Tell me about Kagundu-ini plots|Do you have plots in Kagundu-ini (Tetu)?|What size are plots in Kagundu-ini (Tetu)?","kagundu-ini plots, kagundu-ini (tetu), plots for sale, 50 x 100 ft","Kagundu-ini (Tetu)","Nyeri","50 x 100 ft (1/8 acre)","Residential Land","Completed","Upon request","https://famyard.co.ke/plots/plots-for-sale-in-nyeri-county-kagundu-ini/",""
"FY-071","PROPERTY","LOCATION_LANDMARKS","Kagundu-ini plots - location and nearby landmarks","Kagundu-ini plots (Kagundu-ini (Tetu), Nyeri County) - Distances: Kagunduini Primary School 500 m; Nyeri Police Station 10 km; Naivas Supermarket Nyeri 12 km; Dedan Kimathi University of Technology 15.5 km; Outspan Hospital nearby. Directions: maps.app.goo.gl/gEK1p6y4ZmyhG5ZTA","How far is Kagundu-ini plots from town?|What is near Kagundu-ini (Tetu) plots?|How do I get to Kagundu-ini plots?","kagundu-ini plots, kagundu-ini (tetu), plots for sale, 50 x 100 ft, distance, directions, landmarks, schools, hospital","Kagundu-ini (Tetu)","Nyeri","50 x 100 ft (1/8 acre)","Residential Land","Completed","Upon request","https://famyard.co.ke/plots/plots-for-sale-in-nyeri-county-kagundu-ini/",""
"FY-072","PROPERTY","OVERVIEW","Karicheni plots (Kieni)","Famyard's Karicheni plots are a gated community in Kieni East Sub-County, Nyeri County, along the Nyeri-Nanyuki Highway about 5 km past Chaka town. 50 x 100 ft plots fully serviced with water, electricity and graded roads, in a secure community near markets and schools. Plot size: 50 x 100 ft (1/8 acre). Type: Gated Community. Price: upon request. To book a free site visit or ask about pricing, call Famyard on +254 119 222666, WhatsApp +254 721 383 090 (wa.me/254721383090), or email contact@famyard.co.ke.","Tell me about Karicheni plots (Kieni)|Do you have plots in Karicheni, Kieni East?|What size are plots in Karicheni, Kieni East?","karicheni plots (kieni), karicheni, kieni east, plots for sale, 50 x 100 ft","Karicheni, Kieni East","Nyeri","50 x 100 ft (1/8 acre)","Gated Community","Completed","Upon request","https://famyard.co.ke/plots/plots-for-sale-in-kieni-karicheni/","Listing header says 'Nyeri - Nyahururu Highway' but description says Nyeri-Nanyuki Highway."
"FY-073","PROPERTY","LOCATION_LANDMARKS","Karicheni plots (Kieni) - location and nearby landmarks","Karicheni plots (Kieni) (Karicheni, Kieni East, Nyeri County) - Distances: Karicheni Primary School 1 km; Karicheni Junior Secondary School 1.5 km; Kieni Technical and Vocational College 2 km; nearest health facility 2.5 km; Chaka town centre 5 km; Nanyuki Airstrip 30 km. Directions: maps.app.goo.gl/Xb5kLMCGWr4mNed66","How far is Karicheni plots (Kieni) from town?|What is near Karicheni, Kieni East plots?|How do I get to Karicheni plots (Kieni)?","karicheni plots (kieni), karicheni, kieni east, plots for sale, 50 x 100 ft, distance, directions, landmarks, schools, hospital","Karicheni, Kieni East","Nyeri","50 x 100 ft (1/8 acre)","Gated Community","Completed","Upon request","https://famyard.co.ke/plots/plots-for-sale-in-kieni-karicheni/",""
"FY-074","PROPERTY","OVERVIEW","Ngobit plots (Laikipia East)","Famyard's Ngobit plots are in Laikipia East, Laikipia County, next to Ngobit Police Station for added security. 50 x 100 ft plots with water, electricity and graded roads installed, ready for building. Scenic Laikipia landscapes and eco-tourism nearby. A drone video is on Famyard's YouTube. Plot size: 50 x 100 ft (1/8 acre). Type: Residential Land. Price: upon request. To book a free site visit or ask about pricing, call Famyard on +254 119 222666, WhatsApp +254 721 383 090 (wa.me/254721383090), or email contact@famyard.co.ke.","Tell me about Ngobit plots (Laikipia East)|Do you have plots in Ngobit, Laikipia East?|What size are plots in Ngobit, Laikipia East?","ngobit plots (laikipia east), ngobit, laikipia east, plots for sale, 50 x 100 ft","Ngobit, Laikipia East","Laikipia","50 x 100 ft (1/8 acre)","Residential Land","Completed","Upon request","https://famyard.co.ke/plots/plots-for-sale-in-laikipia-east-ngobit/",""
"FY-075","PROPERTY","LOCATION_LANDMARKS","Ngobit plots (Laikipia East) - location and nearby landmarks","Ngobit plots (Laikipia East) (Ngobit, Laikipia East, Laikipia County) - Distances: Ngobit Police Station 500 m; local markets 1 km; healthcare 5 km; schools 10 km; hotels and lodging 10 km; Nanyuki Airstrip about 40 km. Directions: maps.app.goo.gl/CGXPpWRfXMEDUHcA9","How far is Ngobit plots (Laikipia East) from town?|What is near Ngobit, Laikipia East plots?|How do I get to Ngobit plots (Laikipia East)?","ngobit plots (laikipia east), ngobit, laikipia east, plots for sale, 50 x 100 ft, distance, directions, landmarks, schools, hospital","Ngobit, Laikipia East","Laikipia","50 x 100 ft (1/8 acre)","Residential Land","Completed","Upon request","https://famyard.co.ke/plots/plots-for-sale-in-laikipia-east-ngobit/",""
"FY-076","TESTIMONIALS","DIASPORA","Diaspora client reviews","Diaspora clients on Famyard Enterprises: James O. (London, UK) said investing in Jikaze from abroad seemed daunting but Famyard made it effortless with remote consultations and frequent updates. Amina L. (New Jersey, USA) said Famyard made buying land from overseas straightforward with secure payment methods and clear communication. Jeffrey Kreshek (New York) called investing with Famyard a game-changer, professional and straightforward, recommended for serious investors.","Have diaspora clients bought from you?|Any reviews from abroad?","reviews, testimonials, diaspora, uk, usa","","","","","","","https://famyard.co.ke/diaspora-clients-buy-prime-plots-in-kenya-remotely/",""
"FY-077","TESTIMONIALS","TITLE_DEEDS","Client reviews on title deeds and legal process","Clients on Famyard's title deeds and legal support: Susan W. (Nairobi) was impressed by quick title deed processing and support from first call to signing. Joshua Mwangi (Mombasa) received his title deed and called Famyard genuine and reliable. Grace Nyambura (Nyeri) praised meticulous, transparent legal documentation. Eric Kamau (Nairobi) received his title and plans further investment. Grace Thiongo (Eldoret) received two title deeds with Famyard's support. Lisa Mwenda (Thika) said Famyard made following up on her title deed much easier.","Do clients actually get their title deeds?|Reviews on titles","reviews, testimonials, title deed, legal","","","","","","","https://famyard.co.ke/diaspora-clients-buy-prime-plots-in-kenya-remotely/",""
"FY-078","TESTIMONIALS","SERVICE","Client reviews on customer service","Clients on Famyard's customer service: Daniel Karanja (Jikaze) was warmly welcomed and sales rep Mr. James patiently showed him plots until he found the right one. Mary Njeri (Nakuru) praised exceptional after-sales service. Alice Mutua (Mombasa) felt confident as every detail was explained. Lucy Mwende (Machakos) liked the personalised approach. James Ochieng (Kisii) found acquisition straightforward. Susan Wambui (Nairobi) valued flexible scheduling and a detailed cost breakdown. Joseph Kinuthia (Nairobi) found a commercial space stress-free. George Njiru (Founder, Ajax Limited) got options matching his budget and location.","What do customers say about you?|Are your clients happy?","reviews, testimonials, customer service","","","","","","","https://famyard.co.ke/diaspora-clients-buy-prime-plots-in-kenya-remotely/",""
"FY-079","NEWS","CHAKA_LAUNCH_2026","Chaka plots launch September 2026","In September 2026 Famyard Enterprises launched a new phase of plots in Chaka, Nyeri County, along Chaka Lane near the new Chaka Bypass - one of its biggest launches. Guest of honour was Joe Mucheru, Kenya's former ICT Cabinet Secretary. The event included a ribbon and fence unveiling, a traditional land blessing led by a local elder, a faith dedication by clergy, a tree-planting drive, the first title deed handovers, and financing talks with NCBA and Family Bank. Plots were sold with ready titles, graded roads, water and electricity.","What's new at Famyard?|Tell me about the Chaka launch|Who attended the launch?","news, chaka launch, joe mucheru, land blessing, tree planting, title handover, 2026","Chaka","Nyeri","","","","","https://famyard.co.ke/famyard-launches-new-plots-in-chaka-with-land-blessing-ceremony/",""
"FY-080","RESOURCES","BLOG_GUIDES","Famyard buyer guides and blog topics","Famyard's blog (famyard.co.ke/expert-advice-on-buying-plots-in-kenya/) has 100+ free buyer guides, including: Final checklist from shortlist to title deed; Land investment checklist - 15 things to confirm before you buy; How to spot a genuine vs fake title deed; How to read a land sale agreement; What an advocate does in a Kenyan land transaction; How Kenya's digital land registry is changing buying; What to do if you lose your title deed; How to handle a boundary dispute; Buying land near a river or forest reserve; Kenya's physical planning framework; Land investment for retirees; Common myths about buying land; Land investment mistakes; Best season for a site visit; Questions to ask before paying a deposit.","Do you have guides?|How do I spot a fake title?|Any advice for first-time buyers?","blog, guides, advice, fake title, checklist, sale agreement, tips","","","","","","","https://famyard.co.ke/expert-advice-on-buying-plots-in-kenya/",""
"FY-081","BOT_GUIDANCE","HANDOFF","When to hand over to a Famyard staff member","If a question needs live information (exact price, current plot availability, specific plot numbers, deposit or instalment terms, booking a site visit, payment confirmation, or the status of an existing client's title deed), hand over to the Famyard team. To book a free site visit or ask about pricing, call Famyard on +254 119 222666, WhatsApp +254 721 383 090 (wa.me/254721383090), or email contact@famyard.co.ke. Office hours visits: Kanisa Road, Konahauthi Building 1st Floor, Nyeri, or the Wiyumiririe (Jikaze) office.","Can I talk to a person?|I want to speak to an agent|Is plot X still available?|What is my title status?","human, agent, handoff, speak to someone, availability, booking, escalate","","","","","","","https://famyard.co.ke/contact-us/","Office opening hours are not published on the website. Add them if known."
